{
    "Version": "2012-10-17",
    "Statement": [
        {
            "Effect": "Allow",
            "Action": [
                "logs:CreateLogGroup",
                "logs:CreateLogStream",
                "logs:PutLogEvents"
            ],
            "Resource": "arn:aws:logs:*:*:*"
        },
        {
            "Action": [
                "rds:AddTagsToResource",
                "rds:CopyDBSnapshot",
                "rds:CopyDBClusterSnapshot",
                "rds:DeleteDBInstance",
                "rds:DeleteDBSnapshot",
                "rds:RestoreDBInstanceFromDBSnapshot",
                "rds:Describe*",
                "rds:ListTagsForResource"
            ],
            "Effect": "Allow",
            "Resource": "*"
        }
    ]
}
